周起始日期,销量
2023-01-02,1312
2023-01-09,1398
2023-01-16,918
2023-01-23,1047
2023-01-30,1036
2023-02-06,1083
2023-02-13,1231
2023-02-20,1203
2023-02-27,1246
2023-03-06,1333
2023-03-13,1402
2023-03-20,1399
2023-03-27,1475
2023-04-03,1450
2023-04-10,1519
2023-04-17,1555
2023-04-24,1549
2023-05-01,1571
2023-05-08,1590
2023-05-15,1672
2023-05-22,1689
2023-05-29,1692
2023-06-05,1712
2023-06-12,1647
2023-06-19,1696
2023-06-26,1697
2023-07-03,1703
2023-07-10,1608
2023-07-17,1602
2023-07-24,1499
2023-07-31,1534
2023-08-07,1422
2023-08-14,1419
2023-08-21,1493
2023-08-28,1305
2023-09-04,1400
2023-09-11,1340
2023-09-18,1273
2023-09-25,1272
2023-10-02,1242
2023-10-09,1235
2023-10-16,1151
2023-10-23,1113
2023-10-30,1094
2023-11-06,1064
2023-11-13,1099
2023-11-20,1063
2023-11-27,1150
2023-12-04,1027
2023-12-11,1076
2023-12-18,1102
2023-12-25,1495
2024-01-01,1705
2024-01-08,1545
2024-01-15,1259
2024-01-22,1291
2024-01-29,1434
2024-02-05,1318
2024-02-12,1505
2024-02-19,1475
2024-02-26,1553
2024-03-04,1582
2024-03-11,1692
2024-03-18,1662
2024-03-25,1757
2024-04-01,1822
2024-04-08,1931
2024-04-15,1778
2024-04-22,1989
2024-04-29,1993
2024-05-06,1954
2024-05-13,2009
2024-05-20,1988
2024-05-27,2092
2024-06-03,2031
2024-06-10,2009
2024-06-17,2001
2024-06-24,1989
2024-07-01,1973
2024-07-08,1919
2024-07-15,2025
2024-07-22,1816
2024-07-29,1706
2024-08-05,1827
2024-08-12,1788
2024-08-19,1773
2024-08-26,1707
2024-09-02,1670
2024-09-09,1652
2024-09-16,1643
2024-09-23,1543
2024-09-30,1513
2024-10-07,1587
2024-10-14,1497
2024-10-21,1407
2024-10-28,1538
2024-11-04,1456
2024-11-11,1387
2024-11-18,1358
2024-11-25,1427
2024-12-02,1385
2024-12-09,1389
2024-12-16,1398
2024-12-23,1879
2024-12-30,1981
2025-01-06,1946
2025-01-13,1519
2025-01-20,1656
2025-01-27,1674
2025-02-03,1757
2025-02-10,1823
2025-02-17,1813
2025-02-24,1865
2025-03-03,1922
2025-03-10,1924
2025-03-17,2055
2025-03-24,2134
2025-03-31,2126
2025-04-07,2149
2025-04-14,2187
2025-04-21,2198
2025-04-28,2226
2025-05-05,2269
2025-05-12,2269
2025-05-19,2302
2025-05-26,2259
2025-06-02,2349
2025-06-09,2333
2025-06-16,2271
2025-06-23,2207
2025-06-30,2292
2025-07-07,2320
2025-07-14,2211
2025-07-21,2192
2025-07-28,2155
2025-08-04,2174
2025-08-11,2066
2025-08-18,2112
2025-08-25,2014
2025-09-01,2030
2025-09-08,1951
2025-09-15,1901
2025-09-22,1809
2025-09-29,1811
2025-10-06,1800
2025-10-13,1815
2025-10-20,1774
2025-10-27,1714
2025-11-03,1751
2025-11-10,1769
2025-11-17,1716
2025-11-24,1706
2025-12-01,1717
2025-12-08,1786
2025-12-15,1793
2025-12-22,2172
2025-12-29,2260
2026-01-05,2256
2026-01-12,1862
2026-01-19,1994
2026-01-26,2020
2026-02-02,1999
2026-02-09,2085
2026-02-16,2155
